episode,reward
0,-95.7622
1,-178.368
2,216.581
3,51.497
4,-183.273
5,176.012
6,179.434
7,145.014
8,287.433
9,96.9169
10,143.973
11,193.041
12,81.161
13,177.014
14,225.911
15,-162.098
16,135.034
17,-188.074
18,-338.284
19,452.194
20,141.016
21,-250.216
22,-40.5334
23,-788.163
24,240.126
25,557.59
26,-8.3739
27,-1307.86
28,218.957
29,264.871
30,44.6202
31,840.573
32,211.873
33,324.342
34,584.505
35,233.844
36,352.6
37,795.039
38,189.294
39,85.466
40,222.094
41,423.848
42,423.852
43,112.942
44,131.616
45,146.189
46,249.314
47,63.2978
48,-45.4677
49,377.782
50,-26.7233
51,195.274
52,-29.0363
53,-43.7224
54,165.569
55,112.855
56,335.569
57,137.745
58,263.25
59,95.9798
60,588.938
61,358.749
62,555.714
63,141.145
64,457.323
65,141.329
66,146.944
67,326.608
68,215.757
69,55.2137
70,347.089
71,471.009
72,79.6534
73,696.785
74,329.5
75,382.281
76,104.039
77,456.711
78,379.672
79,-62.3601
80,94.7587
81,712.641
82,361.323
83,-101.578
84,273.496
85,234.046
86,163.104
87,-1172.91
88,-14.7913
89,398.836
90,94.1883
91,469.626
92,-13.9772
93,111.778
94,563.816
95,247.966
96,256.824
97,502.664
98,435.014
99,4.99458
100,436.489
101,531.204
102,375.329
103,-189.195
104,365.124
105,254.634
106,283.486
107,153.473
108,533.071
109,106.044
110,-117.558
111,141.162
112,530.286
113,65.3043
114,106.826
115,157.828
116,91.8833
117,31.6039
118,401.25
119,502.589
120,383.029
121,126.308
122,351.196
123,587.208
124,508.8
125,538.496
126,181.162
127,-94.2647
128,339.942
129,410.209
130,21.4833
131,459.894
132,347.692
133,154.439
134,-127.613
135,423.535
136,-10.3402
137,94.0619
138,39.3568
139,-629.441
140,326.064
141,128.053
142,108.381
143,141.324
144,-33.4893
145,424.41
146,160.307
147,272.213
148,351.822
149,-32.9845
150,396.843
151,-0.265411
152,207.518
153,184.786
154,13.614
155,-72.8248
156,97.7297
157,270.301
158,322.781
159,413.838
160,193.544
161,530.548
162,173.059
163,146.897
164,435.565
165,178.11
166,7.8634
167,177.214
168,398.575
169,-0.122986
170,419.742
171,630.536
172,350.048
173,240.975
174,112.594
175,75.2011
176,330.917
177,312.447
178,-194.406
179,247.468
180,247.789
181,-520.857
182,737.759
183,274.215
184,292.275
185,68.0384
186,586.293
187,-103.14
188,235.944
189,356.311
190,585.61
191,575.218
192,373.681
193,201.402
194,-744.875
195,443.996
196,257.767
197,285.414
198,915.519
199,274.095
200,245.347
201,477.851
202,281.355
203,-58.9357
204,208.146
205,266.451
206,262.947
207,821.119
208,398.037
209,186.153
210,439.891
211,423.143
212,334.175
213,493.406
214,31.0555
215,413.544
216,167.942
217,254.974
218,340.591
219,-478.934
220,439.814
221,171.722
222,-411.097
223,295.954
224,517.39
225,-76.0326
226,411.878
227,182.745
228,303.547
229,405.359
230,82.2541
231,353.808
232,29.8541
233,412.69
234,314.41
235,103.57
236,203.159
237,371.102
238,375.866
239,517.416
240,187.745
241,81.8511
242,222.534
243,-35.5735
244,322.214
245,615.632
246,350.898
247,131.743
248,185.301
249,624.718
250,363.97
251,722.912
252,327.995
253,158.639
254,76.359
255,270.801
256,-338.03
257,366.374
258,214.92
259,252.213
260,532.472
261,429.939
262,313.391
263,339.094
264,379.696
265,294.198
266,49.2936
267,208.689
268,396.86
269,631.636
270,215.463
271,366.493
272,420.058
273,238.634
274,281.831
275,504.466
276,76.5596
277,-351.227
278,-1068.03
279,490.557
280,653.774
281,660.477
282,412.333
283,296.453
284,306.146
285,472.945
286,698.2
287,372.609
288,552.529
289,139.342
290,-315.838
291,112.936
292,11.772
293,184.008
294,300.983
295,504.015
296,214.247
297,291.017
298,183.959
299,524.887
300,445.422
301,150.858
302,-609.403
303,371.96
304,440.763
305,-41.1731
306,87.7679
307,53.791
308,-122.695
309,408.528
310,389.458
311,755.238
312,214.279
313,312.395
314,124.02
315,327.964
316,161.284
317,254.131
318,-403.775
319,372.25
320,97.4564
321,379.734
322,427.552
323,306.252
324,-112.461
325,363.125
326,324.743
327,-164.562
328,183.47
329,149.995
330,-284.805
331,223.53
332,-120.109
333,-55.5745
334,461.775
335,42.2171
336,283.947
337,158.592
338,155.749
339,931.661
340,220.488
341,385.31
342,610.217
343,168.982
344,-375.191
345,143.391
346,50.4353
347,596.772
348,-53.133
349,684.944
350,56.8627
351,371.11
352,621.933
353,232.309
354,386.001
355,14.3141
356,461.601
357,268.407
358,353.757
359,-59.1333
360,325.323
361,314.329
362,123.99
363,-1031.51
364,456.496
365,-180.014
366,218.982
367,-40.6268
368,304.632
369,61.8503
370,-98.0115
371,259.039
372,-15.1006
373,110.794
374,-283.805
375,-531.934
376,16.0291
377,88.6629
378,116.456
379,343.067
380,461.221
381,-167.276
382,-1201.73
383,159.277
384,120.059
385,429.476
386,143.937
387,787.836
388,-216.724
389,565.316
390,-481.073
391,273.186
392,324.498
393,371.288
394,108.68
395,-77.3836
396,133.065
397,16.5501
398,298.067
399,437.059
400,-462.997
401,857.944
402,325.918
403,-604.561
404,341.224
405,-105.157
406,-3.58673
407,325.231
408,314.315
409,122.29
410,52.3664
411,56.6508
412,475.543
413,150.222
414,191.673
415,296.421
416,290.527
417,347.368
418,116.661
419,107.518
420,95.4742
421,212.842
422,173.311
423,324.384
424,136.485
425,-128.421
426,205.686
427,350.713
428,-46.9217
429,394.947
430,971.238
431,380.617
432,442.507
433,450.442
434,102.726
435,-613.231
436,1019.6
437,-106.326
438,903.107
439,447.772
440,526.772
441,209.441
442,211.151
443,26.6803
444,-136.12
445,303.595
446,239.631
447,230.957
448,379.085
449,237.072
450,280.411
451,208.513
452,857.478
453,221.777
454,362.35
455,351.999
456,425.959
457,275.603
458,-621.869
459,90.6081
460,-26.9444
461,-124.097
462,790.478
463,769.82
464,273.199
465,271.739
466,181.743
467,-173.923
468,66.047
469,173.546
470,398.286
471,509.518
472,710.637
473,179.873
474,302.413
475,410.638
476,-24.0471
477,50.7899
478,78.5154
479,845.341
480,543.987
481,550.284
482,356.877
483,308.579
484,-53.4912
485,565.767
486,-11.8665
487,-229.001
488,224.05
489,134.03
490,-451.558
491,49.7617
492,-2.50656
493,529.357
494,144.525
495,566.863
496,277.781
497,745.038
498,298.327
499,-483.919
500,142.482
501,98.7047
502,-2.65956
503,240.847
504,252.793
505,459.068
506,245.756
507,86.6216
508,37.4418
509,414.534
510,487.157
511,364.087
512,1213.15
513,327.251
514,438.657
515,296.463
516,219.275
517,-505.885
518,467.2
519,205.865
520,407.656
521,-294.776
522,224.523
523,263.66
524,456.917
525,39.6205
526,498.578
527,86.6135
528,295.737
529,401.936
530,215.327
531,418.082
532,-182.01
533,506.404
534,744.019
535,450.377
536,241.284
537,-802.668
538,241.383
539,324.043
540,817.497
541,544.876
542,448.483
543,927.028
544,98.2812
545,-24.123
546,1.62999
547,1185.37
548,586.661
549,133.685
550,406.478
551,499.406
552,25.1655
553,451.046
554,530.721
555,663.361
556,145.449
557,345.798
558,676.164
559,395.1
560,134.867
561,622.725
562,932.481
563,-74.1807
564,-2.38002
565,729.23
566,659.078
567,357.081
568,24.4145
569,81.3026
570,-185.677
571,952.616
572,232.905
573,-522.946
574,244.947
575,445.416
576,-206.585
577,183.049
578,316.957
579,-88.3948
580,435.659
581,226.602
582,191.885
583,391.598
584,71.515
585,129.615
586,499.322
587,188.449
588,483.648
589,764.8
590,282.349
591,204.674
592,-157.699
593,132.635
594,357.466
595,1100.11
596,387.996
597,144.192
598,115.912
599,594.933
600,286.299
601,330.967
602,663.674
603,964.698
604,807.453
605,780.971
606,219.378
607,327.956
608,299.727
609,739.944
610,458.942
611,-547.074
612,321.07
613,442.812
614,301.048
615,172.519
616,308.599
617,228.207
618,287.167
619,181.213
620,-122.055
621,364.476
622,295.368
623,393.337
624,329.88
625,-530.044
626,93.9521
627,-166.373
628,44.976
629,235.569
630,-444.441
631,276.517
632,-221.483
633,50.9991
634,285.885
635,234.106
636,82.0782
637,973.262
638,-69.0235
639,37.4074
640,309.606
641,84.8028
642,524.428
643,188.464
644,388.731
645,388.514
646,111.599
647,508.86
648,242.349
649,233.203
650,48.9675
651,538.629
652,270.005
653,333.773
654,162.786
655,64.6136
656,399.638
657,253.107
658,466.645
659,509.615
660,76.9728
661,244.928
662,324.077
663,76.9643
664,437.756
665,19.144
666,-37.5014
667,405.994
668,692.25
669,914.497
670,382.508
671,777.84
672,347.179
673,-13.7322
674,235.469
675,93.6935
676,452.728
677,394.063
678,1051.97
679,151.597
680,533.476
681,396.099
682,982.979
683,378.086
684,406.672
685,475.517
686,369.578
687,-506.32
688,294.163
689,166.085
690,141.686
691,122.912
692,-270.765
693,555.614
694,432.852
695,-237.844
696,95.0753
697,-138.423
698,370.135
699,428.054
700,598.909
701,357.736
702,454.498
703,808.737
704,27.914
705,-76.7993
706,-398.953
707,304.501
708,298.548
709,-209.994
710,608.234
711,221.316
712,498.645
713,26.5591
714,-174.809
715,197.404
716,888.675
717,506.168
718,1165.98
719,498.355
720,349.132
721,132.578
722,328.754
723,121.112
724,-448.759
725,1264.49
726,202.87
727,733.719
728,24.5357
729,588.781
730,871.719
731,407.212
732,273.472
733,698.764
734,451.183
735,304.033
736,228.692
737,562.465
738,1065.12
739,295.922
740,333.809
741,1044.49
742,198.483
743,315.046
744,411.217
745,-105.043
746,-54.2386
747,426.065
748,690.235
749,305.248
750,232.742
751,241.913
752,916.567
753,782.747
754,326.702
755,861.104
756,73.6684
757,120.127
758,122.828
759,294.076
760,228.051
761,-83.6677
762,-324.156
763,707.093
764,110.689
765,838.184
766,27.4467
767,300.982
768,377.231
769,215.026
770,-214.384
771,250.895
772,316.914
773,634.896
774,139.86
775,284.12
776,225.273
777,75.4585
778,892.92
779,775.166
780,299.638
781,1146.92
782,-20.6453
783,645.985
784,350.092
785,615.741
786,-119.272
787,940.994
788,-94.3338
789,338.353
790,580.336
791,270.381
792,255.269
793,887.945
794,969.753
795,283.483
796,133.447
797,674.88
798,99.4823
799,119.017
800,213.431
801,441.11
802,397.379
803,199.261
804,113.313
805,640.466
806,136.485
807,405.878
808,900.054
809,-18.7041
810,715.707
811,445.059
812,719.203
813,102.285
814,950.648
815,-79.3263
816,225.189
817,75.8523
818,480.021
819,272.82
820,376.149
821,1093.07
822,777.876
823,239.795
824,327.459
825,501.823
826,243.66
827,-52.9212
828,478.107
829,199.467
830,525.722
831,464.817
832,125.348
833,254.65
834,191.553
835,264.017
836,118.767
837,272.018
838,756.859
839,514.837
840,278.078
841,289.476
842,10.1287
843,901.135
844,-278.522
845,336.571
846,65.2897
847,230.48
848,310.84
849,378.474
850,-148.765
851,258.746
852,-807.559
853,695.021
854,350.033
855,367.139
856,231.686
857,285.206
858,283.57
859,100.759
860,80.5105
861,151.435
862,705.831
863,531.252
864,567.538
865,170.711
866,299.177
867,-226.417
868,278.088
869,326.983
870,-71.4568
871,681.898
872,35.9364
873,345.123
874,268.228
875,511.33
876,122.419
877,130.04
878,1061.22
879,430.894
880,429.436
881,249.344
882,219.408
883,272.632
884,319.155
885,-230.836
886,408.942
887,-37.2556
888,-7.46127
889,594.443
890,583.08
891,528.719
892,191.656
893,449.482
894,289.087
895,-290.617
896,492.511
897,284.979
898,368.454
899,268.02
900,-41.414
901,215.633
902,853.147
903,322.01
904,564.336
905,380.169
906,124.109
907,-936.974
908,192.623
909,546.982
910,926.491
911,39.5651
912,65.3426
913,222.776
914,279.68
915,553.096
916,349.684
917,472.439
918,335.143
919,361.952
920,-12.4662
921,144.782
922,695.316
923,201.616
924,404.701
925,583.047
926,830.406
927,-508.128
928,-552.932
929,409.466
930,480.518
931,434.591
932,377.464
933,686.702
934,263.552
935,102.943
936,773.092
937,540.619
938,313.944
939,-14.4503
940,787.703
941,417.279
942,378.461
943,391.699
944,995.779
945,162.137
946,298.285
947,341.85
948,150.576
949,582.365
950,472.022
951,187.036
952,249.283
953,1060.74
954,56.7847
955,-26.0222
956,975.409
957,444.153
958,140.872
959,731.102
960,147.513
961,182.6
962,314.967
963,351.927
964,971.775
965,78.8111
966,446.21
967,559.145
968,1117.83
969,436.055
970,811.688
971,1.49591
972,315.915
973,477.924
974,-77.2322
975,224.118
976,658.417
977,436.391
978,516.382
979,177.559
980,434.343
981,-301.159
982,366.321
983,458.882
984,355.882
985,331.408
986,114.163
987,471.26
988,393.975
989,377.4
990,405.843
991,614.077
992,337.563
993,275.907
994,513.867
995,292.756
996,-176.405
997,265.102
998,229.163
999,487.566
1000,457.002
1001,736.484
1002,829.47
1003,374.244
1004,509.641
1005,1105.42
1006,-289.543
1007,688.893
1008,100.732
1009,266.177
1010,391.516
1011,726.359
1012,185.113
1013,491.806
1014,-64.4115
1015,174.364
1016,772.693
1017,293.718
1018,114.659
1019,174.631
1020,356.761
1021,286.609
1022,62.4827
1023,956.275
1024,572.376
1025,-794.674
1026,797.163
1027,-74.995
1028,279.047
1029,572.895
1030,401.798
1031,382.983
1032,98.1523
1033,726.349
1034,513.116
1035,256.454
1036,784.879
1037,262.386
1038,-106.102
1039,190.826
1040,810.028
1041,317.749
1042,757.415
1043,-19.961
1044,1013.35
1045,575.079
1046,176.615
1047,52.9869
1048,356.662
1049,150.047
1050,-353.505
1051,153.465
1052,209.768
1053,836.813
1054,160.397
1055,99.0842
1056,212.195
1057,727.575
1058,16.5473
1059,267.266
1060,147.901
1061,185.712
1062,212.167
1063,195.524
1064,1063.47
1065,975.695
1066,473.37
1067,86.4648
1068,222.248
1069,237.535
1070,276.354
1071,663.811
1072,97.3669
1073,305.043
1074,846.084
1075,522.625
1076,713.141
1077,731.501
1078,110.911
1079,201.139
1080,242.627
1081,88.197
1082,290.736
1083,693.367
1084,263.218
1085,-1545.39
1086,111.241
1087,875.775
1088,-57.9618
1089,386.91
1090,541.34
1091,276.583
1092,457.938
1093,206.998
1094,223.338
1095,315.673
1096,-483.317
1097,615.676
1098,215.723
1099,1177.03
1100,366.376
1101,461.562
1102,340.35
1103,1139.11
1104,848.716
1105,170.163
1106,773.313
1107,1184.14
1108,449.589
1109,691.728
1110,330.75
1111,240.288
1112,415.029
1113,395.381
1114,217.532
1115,1106.27
1116,107.566
1117,399.87
1118,351.282
1119,-152.704
1120,-15.0717
1121,426.028
1122,78.6907
1123,-137.512
1124,25.7365
1125,990.935
1126,363.368
1127,-432.677
1128,533.704
1129,286.828
1130,686.638
1131,447.481
1132,521.499
1133,186.655
1134,-51.1965
1135,1022.45
1136,825.285
1137,393.382
1138,312.652
1139,490.826
1140,305.41
1141,317.667
1142,204.394
1143,422.826
1144,165.952
1145,115.101
1146,62.2872
1147,249.637
1148,18.6551
1149,203.661
1150,760.102
1151,333.716
1152,856.267
1153,278.87
1154,108.012
1155,416.009
1156,335.457
1157,285.054
1158,-244.18
1159,615.012
1160,51.4411
1161,-638.256
1162,265.328
1163,233.834
1164,228.038
1165,593.223
1166,-1577.77
1167,-1.83749
1168,764.889
1169,302.327
1170,455.206
1171,659.578
1172,425.575
1173,-325.333
1174,162.351
1175,475.868
1176,578.076
1177,-17.5886
1178,237.197
1179,20.6577
1180,404.072
1181,519.891
1182,634.64
1183,552.831
1184,575.135
1185,405.666
1186,447.283
1187,217.116
1188,155.798
1189,527.897
1190,235.857
1191,837.68
1192,746.869
1193,390.065
1194,49.4631
1195,812.373
1196,441.512
1197,85.1569
1198,133.104
1199,874.056
1200,541.03
1201,491.59
1202,423.863
1203,801.56
1204,142.362
1205,77.506
1206,379.43
1207,396.856
1208,360.39
1209,1146.39
1210,480.915
1211,1012.38
1212,-3.10332
1213,352.825
1214,712.122
1215,-75.6751
1216,333.793
1217,213.871
1218,136.983
1219,388.204
1220,438.788
1221,423.25
1222,88.2988
1223,94.4001
1224,1108.43
1225,593.609
1226,81.1354
1227,293.733
1228,149.007
1229,190.034
1230,216.817
1231,367.244
1232,62.9913
1233,887.848
1234,777.795
1235,729.868
1236,362.001
1237,319.537
1238,264.717
1239,291.18
1240,453.954
1241,475.731
1242,182.723
1243,210.939
1244,244.15
1245,863.224
1246,290.24
1247,512.34
1248,-429.537
1249,241.471
1250,434.423
1251,309.875
1252,393.276
1253,81.6925
1254,164.539
1255,405.116
1256,496.761
1257,273.795
1258,224.182
1259,420.089
1260,345.403
1261,155.87
1262,262.017
1263,357.056
1264,129.592
1265,443.645
1266,1186.25
1267,262.53
1268,348.889
1269,548.485
1270,338.946
1271,346.072
1272,-207.372
1273,282.872
1274,454.561
1275,380.446
1276,103.63
1277,-54.622
1278,277.087
1279,-771.176
1280,-312.355
1281,260.258
1282,384.466
1283,399.295
1284,348.453
1285,300.777
1286,190.893
1287,320.963
1288,517.32
1289,306.561
1290,437.637
1291,716.052
1292,404.256
1293,459.677
1294,387.616
1295,275.392
1296,542.829
1297,464.321
1298,423.421
1299,1072.79
1300,517.096
1301,704.022
1302,312.018
1303,103.213
1304,448.601
1305,76.0367
1306,830.303
1307,565.222
1308,694.515
1309,399.386
1310,212.478
1311,322.535
1312,-308.236
1313,-401.165
1314,115.163
1315,100.059
1316,-456.465
1317,766.606
1318,348.296
1319,123.642
1320,459.041
1321,848.889
1322,530.73
1323,1290.94
1324,680.17
1325,938.948
1326,649.441
1327,472.034
1328,259.224
1329,605.032
1330,302.84
1331,634.5
1332,411.724
1333,880.612
1334,1167.51
1335,318.321
1336,141.954
1337,90.6457
1338,668.06
1339,195.447
1340,665.192
1341,9.97952
1342,-240.676
1343,252.394
1344,890.802
1345,72.0644
1346,693.809
1347,252.123
1348,720.965
1349,356.008
1350,170.76
1351,110.425
1352,253.391
1353,413.881
1354,230.213
1355,289.323
1356,272.575
1357,111.547
1358,173.133
1359,42.1375
1360,364.658
1361,133.527
1362,105.771
1363,237.108
1364,452.249
1365,-354.962
1366,32.3698
1367,208.045
1368,140.996
1369,194.476
1370,539.836
1371,253.813
1372,792.553
1373,1317.02
1374,856.143
1375,207.023
1376,721.309
1377,174.608
1378,525.512
1379,394.895
1380,213.532
1381,383.616
1382,137.655
1383,394.151
1384,368.897
1385,113.826
1386,978.979
1387,220.309
1388,317.126
1389,173.467
1390,211.335
1391,883.076
1392,162.147
1393,837.758
1394,245.924
1395,232.241
1396,400.197
1397,480.739
1398,415.038
1399,786.042
1400,524.35
1401,1381.31
1402,324.513
1403,294.283
1404,-88.8192
1405,404.385
1406,120.681
1407,-15.7272
1408,259.921
1409,429.819
1410,257.703
1411,431.287
1412,87.586
1413,741.205
1414,375.106
1415,-38.9008
1416,302.508
1417,578.163
1418,336.413
1419,446.626
1420,283.765
1421,565.943
1422,449.274
1423,264.702
1424,301.313
1425,930.271
1426,279.672
1427,460.425
1428,788.079
1429,138.226
1430,37.3203
1431,938.146
1432,1200.03
1433,-1254.75
1434,1097.67
1435,407.464
1436,813.039
1437,278.065
1438,225.851
1439,678.278
1440,-245.126
1441,557.604
1442,-34.6514
1443,755.21
1444,975.67
1445,351.331
1446,517.916
1447,48.8019
1448,-96.2335
1449,361.931
1450,421.026
1451,680.258
1452,160.881
1453,431.58
1454,441.235
1455,-144.693
1456,692.321
1457,778.266
1458,271.282
1459,12.56
1460,339.853
1461,263.402
1462,301.933
1463,-684.96
1464,1001.91
1465,1070.84
1466,886.44
1467,183.781
1468,698.588
1469,586.721
1470,342.312
1471,95.238
1472,450.566
1473,880.765
1474,-105.593
1475,749.601
1476,935.186
1477,513.128
1478,384.726
1479,304.707
1480,1044.85
1481,822.319
1482,225.028
1483,274.222
1484,194.973
1485,217.907
1486,149.592
1487,364.719
1488,688.154
1489,33.5614
1490,789.675
1491,175.717
1492,228.417
1493,393.076
1494,491.488
1495,37.5406
1496,352.552
1497,-50.8214
1498,-524.083
1499,368.304
1500,229.098
1501,-2.63774
1502,-311.433
1503,805.624
1504,181.688
1505,522.535
1506,305.004
1507,244.175
1508,759.637
1509,312.635
1510,256.898
1511,598.824
1512,1190.81
1513,306.829
1514,778.121
1515,561.122
1516,-71.2122
1517,1140.92
1518,188.557
1519,285.391
1520,1022.39
1521,221.265
1522,561.238
1523,321.23
1524,902.979
1525,212.193
1526,203.311
1527,425.701
1528,505.997
1529,237.548
1530,336.614
1531,209.091
1532,572.159
1533,1158.65
1534,19.966
1535,393.074
1536,212.356
1537,1105.69
1538,106.473
1539,304.963
1540,867.833
1541,161.691
1542,939.171
1543,243.07
1544,476.931
1545,1197.03
1546,72.3764
1547,362.574
1548,9.62421
1549,301.215
1550,455.009
1551,903.539
1552,320.541
1553,473.103
1554,367.79
1555,297.91
1556,237.387
1557,393.32
1558,506.242
1559,1140.55
1560,10.2194
1561,-25.5167
1562,351.437
1563,861.859
1564,270.004
1565,236.506
1566,933.393
1567,318.464
1568,393.782
1569,156.282
1570,589.627
1571,107.021
1572,1071.37
1573,242.707
1574,749.341
1575,186.161
1576,700.21
1577,265.183
1578,377.049
1579,257.48
1580,733.431
1581,349.617
1582,462.548
1583,708.089
1584,930.788
1585,142.189
1586,339.663
1587,628.961
1588,286.907
1589,328.765
1590,514.374
1591,841.947
1592,267.355
1593,598.941
1594,450.993
1595,30.5296
1596,7.46112
1597,355.307
1598,583.896
1599,5.21407
1600,282.671
1601,96.493
1602,785.33
1603,483.412
1604,1180.35
1605,434.723
1606,868.585
1607,262.682
1608,395.401
1609,1112.97
1610,446.447
1611,640.73
1612,627.999
1613,592.89
1614,792.256
1615,146.272
1616,-375.537
1617,423.59
1618,222.362
1619,608.827
1620,232.449
1621,939.531
1622,228.982
1623,369.228
1624,247.652
1625,274.667
1626,481.282
1627,183.255
1628,817.288
1629,535.123
1630,356.784
1631,32.5218
1632,413.905
1633,281.494
1634,137.661
1635,404.21
1636,976.02
1637,251.957
1638,580.454
1639,-643.532
1640,-531.455
1641,895.372
1642,550.15
1643,959.995
1644,418.881
1645,368.677
1646,451.758
1647,-49.5647
1648,943.805
1649,797.818
1650,384.336
1651,410.753
1652,717.277
1653,335.277
1654,52.6705
1655,41.1348
1656,905.98
1657,570.127
1658,947.16
1659,818.715
1660,685.992
1661,603.44
1662,222.959
1663,-489.118
1664,783.146
1665,296.079
1666,387.635
1667,390.178
1668,-198.168
1669,439.751
1670,739.612
1671,736.189
1672,760.668
1673,299.716
1674,373.649
1675,396.438
1676,162.644
1677,1049.12
1678,292.952
1679,220.966
1680,632.7
1681,10.0248
1682,523.519
1683,301.124
1684,232.716
1685,392.743
1686,46.9179
1687,683.755
1688,-86.8089
1689,-290.457
1690,522.144
1691,520.557
1692,870.96
1693,425.992
1694,1002.14
1695,49.8335
1696,-429.203
1697,384.715
1698,544.133
1699,386.248
1700,931.439
1701,653.075
1702,591.607
1703,1248.86
1704,625.697
1705,591.2
1706,1122.41
1707,215.611
1708,149.149
1709,-72.2959
1710,685.689
1711,163.441
1712,1077.74
1713,430.742
1714,1121.71
1715,257.309
1716,208.794
1717,525.747
1718,390.982
1719,557.799
1720,261.451
1721,253.138
1722,762.471
1723,836.782
1724,583.485
1725,143.941
1726,287.959
1727,661.466
1728,484.329
1729,415.141
1730,386.92
1731,364.572
1732,638.533
1733,750.049
1734,-57.4453
1735,708.762
1736,409.805
1737,219.547
1738,695.797
1739,145.688
1740,317.114
1741,534.275
1742,174.883
1743,869.869
1744,404.602
1745,886.783
1746,235.646
1747,263.845
1748,896.768
1749,929.766
1750,210.144
1751,-20.9662
1752,382.699
1753,-38.7546
1754,165.569
1755,838.871
1756,515.706
1757,297.889
1758,-154.767
1759,307.213
1760,1110.01
1761,653.321
1762,374.514
1763,340.998
1764,370.128
1765,597.303
1766,807.841
1767,245.704
1768,314.34
1769,940.068
1770,298.786
1771,493.414
1772,167.013
1773,239.691
1774,647.776
1775,660.71
1776,219.831
1777,316.419
1778,410.13
1779,992.416
1780,44.5991
1781,328.071
1782,-67.1065
1783,-252.949
1784,316.482
1785,144.029
1786,738.679
1787,921.482
1788,990.095
1789,982.068
1790,550.719
1791,297.021
1792,640.716
1793,709.132
1794,-52.2071
1795,308.486
1796,392.755
1797,1017.44
1798,410.466
1799,296.269
1800,-328.725
1801,163.825
1802,346.264
1803,359.292
1804,267.781
1805,1280.16
1806,91.7776
1807,294.734
1808,804.559
1809,474.03
1810,818.452
1811,217.209
1812,914.554
1813,315.367
1814,586.107
1815,616.506
1816,560.94
1817,927.42
1818,219.699
1819,192.981
1820,191.514
1821,287.102
1822,298.483
1823,782.659
1824,361.593
1825,49.4283
1826,441.11
1827,289.707
1828,526.813
1829,161.004
1830,527.124
1831,-40.1336
1832,759.667
1833,228.624
1834,61.7223
1835,-103.754
1836,-219.257
1837,-257.737
1838,730.933
1839,315.583
1840,75.8505
1841,264.575
1842,421.925
1843,789.111
1844,-177.148
1845,355.64
1846,219.618
1847,1162.91
1848,374.181
1849,360.408
1850,752.229
1851,33.526
1852,262.927
1853,381.6
1854,511.483
1855,87.6993
1856,335.951
1857,352.399
1858,106.354
1859,385.64
1860,631.382
1861,502.196
1862,-32.5343
1863,1139.47
1864,228.782
1865,568.18
1866,1081.32
1867,504.734
1868,667.814
1869,-763.744
1870,1002.25
1871,950.627
1872,104.91
1873,811.595
1874,982.63
1875,386.648
1876,402.544
1877,258.555
1878,453.163
1879,914.388
1880,536.454
1881,440.899
1882,499.483
1883,554.231
1884,1182.26
1885,144.22
1886,887.398
1887,531.137
1888,173.147
1889,-0.141418
1890,-62.3818
1891,420.144
1892,878.77
1893,938.799
1894,-43.9401
1895,323.133
1896,377.519
1897,402.476
1898,622.426
1899,416.482
1900,367.719
1901,114.241
1902,45.0937
1903,381.781
1904,352.401
1905,513.801
1906,1059.11
1907,1041.51
1908,77.1078
1909,-125.528
1910,1097.1
1911,1077.32
1912,325.594
1913,229.94
1914,1185.72
1915,741.344
1916,170.434
1917,178.322
1918,120.128
1919,324.645
1920,347.16
1921,927.869
1922,338.229
1923,613.532
1924,476.261
1925,257.77
1926,566.3
1927,260.676
1928,963.419
1929,404.437
1930,911.303
1931,526.383
1932,701.355
1933,-2.26065
1934,-7.49837
1935,188.956
1936,398.603
1937,756.701
1938,189.324
1939,940.943
1940,-317.294
1941,865.513
1942,-472.278
1943,277.685
1944,565.171
1945,721.778
1946,-414.743
1947,449.74
1948,551.434
1949,821.357
1950,332.872
1951,353.176
1952,-455.219
1953,971.086
1954,342.364
1955,722.097
1956,128.004
1957,441.156
1958,-21.3388
1959,399.463
1960,651.304
1961,102.045
1962,1165.54
1963,349.346
1964,-340.497
1965,256.491
1966,812.504
1967,799.155
1968,335.234
1969,-144.851
1970,571.086
1971,314.437
1972,761.982
1973,1151.21
1974,900.715
1975,749.784
1976,236.804
1977,761.998
1978,150.034
1979,616.961
1980,196.795
1981,301.468
1982,240.476
1983,482.813
1984,590.501
1985,216.637
1986,950.394
1987,1058.81
1988,902.241
1989,696.086
1990,1123.59
1991,1004.34
1992,278.54
1993,-53.9799
1994,411.897
1995,717.586
1996,212.016
1997,-180.389
1998,415.521
1999,688.789
2000,481.916
2001,450.273
2002,133.988
2003,265.868
2004,120.463
2005,1052.03
2006,469.509
2007,698.531
2008,386.674
2009,488.297
2010,895.945
2011,974.78
2012,114.536
2013,44.3721
2014,283.025
2015,152.73
2016,1109.52
2017,398.32
2018,898.788
2019,230.398
2020,513.462
2021,391.514
2022,-13.6048
2023,713.883
2024,500.016
2025,313.389
2026,688.095
2027,27.0904
2028,536.19
2029,1286.77
2030,416.784
2031,1205.52
2032,376.976
2033,957.587
2034,325.818
2035,83.1495
2036,7.84749
2037,615.859
2038,324.288
2039,-23.3203
2040,1057.56
2041,420.602
2042,291.926
2043,116.041
2044,296.281
2045,1153.98
2046,320.831
2047,518.193
2048,925.124
2049,488.949
2050,337.068
2051,453.459
2052,294.371
2053,-230.675
2054,-189.287
2055,325.417
2056,636.229
2057,1035.16
2058,344.717
2059,426.329
2060,162.162
2061,470.368
2062,344.687
2063,1119.53
2064,631.732
2065,322.196
2066,999.374
2067,355.196
2068,850.213
2069,1167.41
2070,124.856
2071,-610.448
2072,505.378
2073,839.967
2074,447.878
2075,282.904
2076,1211.5
2077,495.816
2078,-286.679
2079,999.52
2080,870.56
2081,1186.25
2082,1081.67
2083,1000.81
2084,-89.85
2085,930.218
2086,1076.72
2087,1203.92
2088,242.671
2089,137.379
2090,563.11
2091,312.564
2092,-755.779
2093,185.925
2094,305.968
2095,501.421
2096,508.545
2097,568.326
2098,550.116
2099,820.504
2100,227.413
2101,440.827
2102,357.269
2103,310.541
2104,978.396
2105,762.188
2106,918.189
2107,-26.1782
2108,200.347
2109,397.52
2110,1039.73
2111,-236.352
2112,115.508
2113,93.7101
2114,-658.075
2115,891.801
2116,72.9761
2117,569.114
2118,359.073
2119,778.267
2120,1162.17
2121,-326.359
2122,54.846
2123,1053.03
2124,904.457
2125,-67.4063
2126,281.92
2127,524.769
2128,-31.251
2129,505.978
2130,250.143
2131,1101.05
2132,979.552
2133,1128.17
2134,91.2948
2135,238.104
2136,1047.58
2137,1028.7
2138,437.447
2139,-37.3475
2140,771.463
2141,1057.2
2142,98.6527
2143,248.264
2144,916.112
2145,290.599
2146,267.883
2147,105.725
2148,414.827
2149,365.154
2150,324.257
2151,666.285
2152,1058.87
2153,986.777
2154,293.263
2155,833.587
2156,435.643
2157,487.14
2158,571.07
2159,440.166
2160,258.02
2161,267.276
2162,553.392
2163,252.397
2164,292.611
2165,1011.7
2166,571.242
2167,-345.443
2168,819.911
2169,141.009
2170,454.345
2171,-109.832
2172,1076.64
2173,160.546
2174,531.56
2175,490.63
2176,80.9968
2177,192.037
2178,1287.15
2179,196.743
2180,1178.36
2181,1288.92
2182,115.92
2183,281.882
2184,-43.7227
2185,445.061
2186,993.154
2187,375.931
2188,495.959
2189,209.465
2190,1233.35
2191,729.937
2192,363.935
2193,1099.48
2194,448.377
2195,665.235
2196,515.904
2197,253.001
2198,553.822
2199,623.243
2200,968.993
2201,255.588
2202,997.816
2203,79.0663
2204,747.18
2205,423.997
2206,845.91
2207,400.054
2208,1006.81
2209,878.895
2210,403.149
2211,300.29
2212,502.289
2213,1131.77
2214,1197.89
2215,417.724
2216,1010.78
2217,733.359
2218,482.636
2219,-164.863
2220,331.232
2221,38.6287
2222,595.053
2223,845.185
2224,328.193
2225,-174.008
2226,368.685
2227,804.158
2228,309.755
2229,1106.48
2230,180.099
2231,835.057
2232,55.1604
2233,948.1
2234,1121.33
2235,1064.4
2236,902.853
2237,436.88
2238,729.911
2239,490.796
2240,1057.05
2241,237.633
2242,489.207
2243,293.402
2244,274.529
2245,439.251
2246,581.78
2247,783.999
2248,1020.52
2249,570.102
2250,481.27
2251,524.497
2252,369.563
2253,-599.128
2254,328.439
2255,494.713
2256,744.501
2257,1002.13
2258,282.133
2259,234.05
2260,17.5999
2261,497.337
2262,288.994
2263,472.741
2264,-62.452
2265,1151.78
2266,926.201
2267,355.725
2268,209.192
2269,348.452
2270,-483.46
2271,531.999
2272,986.363
2273,382.215
2274,276.185
2275,676.436
2276,1039.15
2277,448.481
2278,1095.33
2279,138.933
2280,1320.82
2281,229.274
2282,1118.25
2283,507.51
2284,1090.9
2285,333.635
2286,-352.413
2287,791.32
2288,393.23
2289,1004.44
2290,519.573
2291,480.565
2292,287.581
2293,926.592
2294,871.381
2295,503.697
2296,320.608
2297,1172.7
2298,839.626
2299,715.316
2300,1076.22
2301,671.984
2302,779.129
2303,652.761
2304,416.782
2305,1062.89
2306,1295.43
2307,447.511
2308,544.832
2309,403.198
2310,1181.09
2311,1208.56
2312,831.709
2313,334.303
2314,585.981
2315,38.6989
2316,726.446
2317,232.806
2318,-226.82
2319,567.932
2320,373.386
2321,218.326
2322,408.293
2323,161.629
2324,380.165
2325,275.573
2326,422.219
2327,1111.87
2328,577.125
2329,342.621
2330,426.295
2331,379.28
2332,516.497
2333,291.412
2334,205.802
2335,783.107
2336,64.3124
2337,747.694
2338,476.483
2339,1148.99
2340,530.309
2341,327.881
2342,1105.49
2343,-137.436
2344,987.23
2345,443.198
2346,825.378
2347,102.161
2348,603.262
2349,1097.31
2350,355.789
2351,-8.29289
2352,422.485
2353,746.986
2354,1164.75
2355,426.369
2356,314.504
2357,402.77
2358,-99.5126
2359,289.018
2360,25.7032
2361,443.142
2362,711.121
2363,325.794
2364,137.218
2365,520.967
2366,241.103
2367,63.4582
2368,-738.447
2369,576.445
2370,984.836
2371,540.606
2372,486.986
2373,543.924
2374,622.957
2375,-64.3399
2376,183.219
2377,393.466
2378,224.59
2379,965.927
2380,1033.63
2381,-111.04
2382,320.249
2383,302.307
2384,2.40811
2385,1128.75
2386,457.211
2387,1187.59
2388,162.486
2389,233.523
2390,331.735
2391,872.851
2392,1163.8
2393,99.9497
2394,629.381
2395,367.17
2396,-727.722
2397,430.468
2398,1088.22
2399,1056.42
2400,944.783
2401,393.549
2402,412.137
2403,304.326
2404,379.219
2405,367.736
2406,339.403
2407,1095.15
2408,257.181
2409,494.679
2410,430.637
2411,-180.454
2412,1286.07
2413,98.3991
2414,745.67
2415,-669.39
2416,423.008
2417,175.137
2418,1142.08
2419,476.965
2420,1153.25
2421,243.573
2422,622.372
2423,484.625
2424,481.405
2425,298.153
2426,146.206
2427,161.998
2428,442.609
2429,976.683
2430,433.775
2431,177.641
2432,244.695
2433,266.467
2434,1211.42
2435,-1546.07
2436,335.502
2437,194.864
2438,521.475
2439,343.645
2440,237.162
2441,1220.27
2442,607.302
2443,-14.6962
2444,1198.52
2445,453.087
2446,971.623
2447,307.723
2448,114.586
2449,504.2
2450,462.105
2451,443.553
2452,387.803
2453,218.946
2454,-117.514
2455,522.443
2456,-1001.08
2457,310.731
2458,555.985
2459,174.364
2460,1122.92
2461,201.203
2462,18.0726
2463,109.057
2464,909.809
2465,-233.678
2466,395.018
2467,25.6786
2468,1149.54
2469,456.485
2470,433.192
2471,1148.39
2472,1109.85
2473,1213.28
2474,894.559
2475,61.1748
2476,1031.08
2477,1117.31
2478,206.455
2479,18.7884
2480,739.554
2481,333.644
2482,101.387
2483,475.097
2484,514.602
2485,540.165
2486,343.174
2487,551.795
2488,220.702
2489,328.483
2490,255.569
2491,441.824
2492,-410.648
2493,755.666
2494,-946.645
2495,479.732
2496,962.144
2497,360.183
2498,1104.17
2499,865.568
2500,182.918
2501,556
2502,651.968
2503,714.852
2504,212.154
2505,360.477
2506,1237.96
2507,349.886
2508,398.472
2509,297.398
2510,207.075
2511,150.691
2512,384.123
2513,68.1278
2514,299.45
2515,568.402
2516,1166.88
2517,545.604
2518,204.553
2519,302.142
2520,1023.94
2521,1090.08
2522,391.679
2523,404.814
2524,994.207
2525,502.236
2526,328.248
2527,158.231
2528,369.561
2529,321.289
2530,1271.94
2531,118.588
2532,211.976
2533,478.908
2534,146.758
2535,1134.58
2536,356.368
2537,256.838
2538,12.3762
2539,952.832
2540,-6.58731
2541,-371.084
2542,173.539
2543,406.55
2544,330.982
2545,-17.0441
2546,224.254
2547,85.4902
2548,714.863
2549,360.333
2550,426.627
2551,607.086
2552,304.313
2553,1152.41
2554,469.416
2555,45.4658
2556,96.1303
2557,822.861
2558,616.53
2559,818.475
2560,415.193
2561,343.153
2562,953.465
2563,542.433
2564,663.56
2565,442.396
2566,259.176
2567,468.465
2568,127.449
2569,683.356
2570,362.046
2571,365.522
2572,708.661
2573,1017.27
2574,500.641
2575,903.483
2576,630.948
2577,772.082
2578,172.244
2579,498.07
2580,897.327
2581,348.562
2582,-102.496
2583,689.295
2584,116.722
2585,611.631
2586,311.263
2587,438.052
2588,167.149
2589,432.029
2590,305.173
2591,-406.417
2592,565.285
2593,1017.12
2594,1239.1
2595,66.7503
2596,253.167
2597,724.399
2598,227.732
2599,1106.53
2600,937.61
2601,208.643
2602,228.549
2603,-172.327
2604,173.341
2605,-25.8587
2606,254.652
2607,915.545
2608,412.32
2609,113.37
2610,469.819
2611,1228.18
2612,-284.067
2613,348.383
2614,321.105
2615,275.654
2616,243.919
2617,82.8107
2618,1134.11
2619,-165.409
2620,308.379
2621,111.307
2622,1061.56
2623,1186.47
2624,840.299
2625,119.842
2626,149.183
2627,809.413
2628,995.139
2629,1217.65
2630,299.163
2631,229.158
2632,316.454
2633,695.636
2634,-250.209
2635,931.165
2636,798.003
2637,575.45
2638,627.386
2639,303.778
2640,362.221
2641,1108.73
2642,1048.85
2643,1196.58
2644,568.903
2645,1158.9
2646,-146.338
2647,1133.35
2648,669.318
2649,585.06
2650,443.229
2651,273.862
2652,343.739
2653,136.612
2654,199.591
2655,841.528
2656,895.484
2657,1203.2
2658,588.549
2659,647.412
2660,701.08
2661,262.044
2662,542.073
2663,746.335
2664,-181
2665,548.723
2666,1112.62
2667,505.57
2668,1100.84
2669,490.135
2670,-306.952
2671,19.4939
2672,236.29
2673,1162.08
2674,-105.467
2675,413.791
2676,1118.99
2677,518.354
2678,185.828
2679,393.427
2680,-159.143
2681,318.893
2682,7.85823
2683,296.06
2684,86.0184
2685,640.058
2686,334.204
2687,870.503
2688,1147.78
2689,347.307
2690,967.201
2691,775.237
2692,519.741
2693,451.946
2694,482.332
2695,326.223
2696,530.897
2697,198.117
2698,1041.47
2699,460.648
2700,301.801
2701,316.079
2702,948.991
2703,450.238
2704,557.8
2705,505.389
2706,674.046
2707,848.735
2708,325.947
2709,6.32903
2710,198.437
2711,1000.72
2712,1093.72
2713,417.93
2714,481.042
2715,99.7562
2716,255.379
2717,1254.01
2718,420.541
2719,296.53
2720,884.201
2721,703.497
2722,437.486
2723,822.951
2724,484.72
2725,776.304
2726,257.845
2727,187.21
2728,654.291
2729,420.251
2730,1251.78
2731,387.39
2732,841.245
2733,1015.15
2734,80.9365
2735,322.627
2736,947.984
2737,888.707
2738,501.288
2739,440.745
2740,598.714
2741,979.78
2742,1159.72
2743,997.382
2744,935.376
2745,963.377
2746,176.599
2747,900.549
2748,-121.536
2749,811.38
2750,1119.14
2751,874.509
2752,332.542
2753,321.252
2754,804.496
2755,921.056
2756,371.006
2757,263.307
2758,332.186
2759,-71.6702
2760,804.632
2761,1165.26
2762,170.438
2763,333.615
2764,336.689
2765,1289.66
2766,385.058
2767,1184.97
2768,255.441
2769,576.292
2770,429.555
2771,423.797
2772,775.695
2773,640.179
2774,87.8372
2775,954.474
2776,1068.59
2777,54.3909
2778,97.9707
2779,464.445
2780,302.499
2781,347.007
2782,984.97
2783,579.59
2784,958.698
2785,309.897
2786,20.8555
2787,735.198
2788,348.437
2789,438.924
2790,222.714
2791,361.734
2792,293.092
2793,511.429
2794,621.147
2795,129.478
2796,722.866
2797,1109.3
2798,404.885
2799,1143.66
2800,161.846
2801,849.245
2802,495.768
2803,305.472
2804,749.849
2805,410.638
2806,253.868
2807,672.617
2808,482.066
2809,-29.6733
2810,727.315
2811,151.824
2812,504.977
2813,254.468
2814,29.4507
2815,105.088
2816,298.871
2817,440.347
2818,447.667
2819,561.869
2820,1056.78
2821,390.007
2822,265.904
2823,45.8194
2824,337.707
2825,955.889
2826,47.5336
2827,129.652
2828,187.251
2829,1068.97
2830,547.691
2831,273.249
2832,950.899
2833,774.674
2834,149.358
2835,357.464
2836,469.474
2837,630.971
2838,247.723
2839,175.821
2840,214.521
2841,-63.9624
2842,311.77
2843,1044.94
2844,1077.11
2845,-430.517
2846,510.351
2847,544.113
2848,1011.2
2849,439.406
2850,356.834
2851,-57.8379
2852,120.073
2853,910.659
2854,806.506
2855,358.747
2856,86.544
2857,249.784
2858,1243.05
2859,967.873
2860,752.01
2861,776.845
2862,477.586
2863,1060.22
2864,220.548
2865,924.852
2866,410.038
2867,496.951
2868,243.236
2869,869.479
2870,502.641
2871,831.399
2872,209.145
2873,314.599
2874,561.3
2875,419.491
2876,758.032
2877,396.421
2878,463.939
2879,160.431
2880,183.9
2881,521.433
2882,-306.096
2883,159.39
2884,1221.29
2885,1010.73
2886,72.1614
2887,514.228
2888,-313.165
2889,400.185
2890,1187.64
2891,149.457
2892,142.283
2893,648.548
2894,185.873
2895,429.333
2896,-10.6142
2897,124.132
2898,268.735
2899,329.123
2900,71.6149
2901,130.573
2902,624.841
2903,407.942
2904,183.31
2905,757.093
2906,-253.364
2907,572.545
2908,483.429
2909,131.713
2910,1035.06
2911,378.441
2912,401.447
2913,1104.59
2914,1000.59
2915,444.396
2916,-5.82942
2917,-936.541
2918,1227.5
2919,372.572
2920,354.007
2921,196.867
2922,1009
2923,231.739
2924,397.595
2925,1102.28
2926,1183.72
2927,280.387
2928,1225.25
2929,35.2595
2930,563.346
2931,1284.87
2932,359.491
2933,531.648
2934,979.206
2935,1182.76
2936,138.763
2937,732.761
2938,-16.407
2939,1189.68
2940,175.921
2941,-631.256
2942,498.079
2943,417.134
2944,143.616
2945,261.885
2946,45.7638
2947,1037.78
2948,341.049
2949,456.496
2950,547.222
2951,1289.77
2952,-22.8106
2953,1070.3
2954,546.485
2955,403.41
2956,-1401.52
2957,22.744
2958,488.967
2959,1140.19
2960,1147.42
2961,1147.8
2962,330.431
2963,1013.51
2964,365.466
2965,210.149
2966,879.452
2967,718.992
2968,934.676
2969,220.638
2970,293.115
2971,116.896
2972,599.994
2973,719.688
2974,74.5218
2975,319.846
2976,802.768
2977,447.461
2978,1094.55
2979,766.459
2980,529.409
2981,1105.42
2982,-352.098
2983,429.079
2984,1149.38
2985,386.271
2986,425.473
2987,582.484
2988,128.097
2989,-12.4608
2990,284.753
2991,655.055
2992,257.556
2993,244.029
2994,646.796
2995,481.212
2996,1008.78
2997,485.693
2998,505.66
2999,746.363
3000,762.539
3001,-139.377
3002,248.385
3003,1108.08
3004,993.18
3005,158.839
3006,913.584
3007,494.042
3008,613.48
3009,798.201
3010,82.8186
3011,289.186
3012,646.529
3013,928.169
3014,532.693
3015,27.8063
3016,127.808
3017,473.606
3018,359.321
3019,280.76
3020,1000.59
3021,1133.62
3022,490.593
3023,434.757
3024,948.49
3025,245.019
3026,357.206
3027,747.301
3028,917.475
3029,907.419
3030,429.795
3031,653.501
3032,198.761
3033,810.371
3034,532.215
3035,-182.213
3036,997.684
3037,260.873
3038,1045.2
3039,720.83
3040,953.103
3041,580.263
3042,177.645
3043,466.259
3044,1044.03
3045,-511.522
3046,-762.182
3047,288.81
3048,352.512
3049,166.926
3050,508.821
3051,929.197
3052,-46.1102
3053,1249.98
3054,863.663
3055,156.903
3056,321.768
3057,665.409
3058,1172.5
3059,558.961
3060,292.6
3061,265.882
3062,912.451
3063,653.985
3064,765.399
3065,126.934
3066,1290.97
3067,180.33
3068,1210.4
3069,1213.94
3070,-164.793
3071,1075.94
3072,418.798
3073,-69.6877
3074,1024.16
3075,711.931
3076,277.798
3077,989.681
3078,-111.86
3079,1122.31
3080,429.88
3081,468.665
3082,134.261
3083,466.367
3084,999.167
3085,545.187
3086,1142.13
3087,136.392
3088,1005.57
3089,155.45
3090,-84.8567
3091,491.142
3092,390.212
3093,496.878
3094,350.425
3095,983.189
3096,-371.374
3097,507.239
3098,501.808
3099,1049.69
3100,249.881
3101,324.723
3102,142.462
3103,559.887
3104,560.651
3105,625.696
3106,1174.18
3107,461.691
3108,136.394
3109,197.501
3110,326.627
3111,1126.29
3112,1072.66
3113,-106.084
3114,232.889
3115,101.934
3116,369.629
3117,1314.33
3118,1121.37
3119,901.527
3120,966.651
3121,1050.26
3122,410.954
3123,210.327
3124,824.908
3125,930.837
3126,606.574
3127,468.397
3128,-660.818
3129,433.468
3130,112.929
3131,373.983
3132,444.659
3133,602.729
3134,380.137
3135,373.885
3136,263.847
3137,470.549
3138,474.967
3139,1141.49
3140,-81.583
3141,317.034
3142,1021.46
3143,1198.22
3144,913.763
3145,440.375
3146,768.9
3147,444.417
3148,342.627
3149,636.398
3150,643.165
3151,727.903
3152,491.539
3153,240.612
3154,1063.09
3155,916.863
3156,994.833
3157,434.422
3158,239.249
3159,151.177
3160,-300.768
3161,1064.44
3162,1037.26
3163,-470.22
3164,987.443
3165,771.868
3166,341.728
3167,760.931
3168,503.526
3169,921.043
3170,601.01
3171,289.882
3172,978.364
3173,399.398
3174,558.339
3175,529.619
3176,706.747
3177,382.363
3178,1052.81
3179,997.326
3180,434.331
3181,328.506
3182,1119.61
3183,878.73
3184,347.425
3185,347.349
3186,-630.657
3187,345.986
3188,176.422
3189,740.598
3190,570.936
3191,300.93
3192,633.329
3193,1160.55
3194,375.497
3195,482.785
3196,186.749
3197,1245
3198,149.081
3199,318.011
3200,371.405
3201,378.336
3202,1143.44
3203,432.345
3204,503.164
3205,492.474
3206,1180.58
3207,1085.11
3208,320.861
3209,406.628
3210,1150.73
3211,254.312
3212,1115.92
3213,866.544
3214,837.648
3215,419.328
3216,259.806
3217,280.924
3218,1022.5
3219,232.545
3220,43.0451
3221,-444.203
3222,1073.32
3223,648.837
3224,390.139
3225,414.354
3226,709.649
3227,257.979
3228,760.132
3229,-60.9998
3230,470.838
3231,385.299
3232,475.982
3233,413.591
3234,137.046
3235,416.499
3236,172.565
3237,130.195
3238,814.006
3239,234.481
3240,181.439
3241,-284.643
3242,163.722
3243,56.6006
3244,1108.45
3245,594.719
3246,610.629
3247,502.997
3248,126.069
3249,912.427
3250,-229.943
3251,833.662
3252,1202.96
3253,-709.252
3254,-405.948
3255,258.016
3256,986.685
3257,192.041
3258,176.837
3259,-40.9997
3260,906.572
3261,478.002
3262,283.572
3263,377.287
3264,165.549
3265,470.948
3266,-213.528
3267,952.704
3268,1241.2
3269,747.969
3270,274.929
3271,524.458
3272,408.994
3273,136.731
3274,204.83
3275,266.443
3276,213.412
3277,795.731
3278,1077.92
3279,505.271
3280,274.909
3281,342.974
3282,526.706
3283,57.7734
3284,1.61864
3285,-77.232
3286,316.989
3287,1132.92
3288,235.998
3289,261.28
3290,463.162
3291,179.47
3292,88.21
3293,171.007
3294,294.505
3295,220.604
3296,410.712
3297,652.438
3298,150.929
3299,825.12
3300,-1466.71
3301,108.129
3302,1259.37
3303,1046.81
3304,158.099
3305,1110.26
3306,1141.02
3307,592.273
3308,541.516
3309,441.088
3310,235.137
3311,315.064
3312,397.115
3313,-314.907
3314,1083.52
3315,316.405
3316,528.92
3317,690.702
3318,70.4919
3319,594.532
3320,564.958
3321,587.805
3322,1167.03
3323,343.059
3324,-580.26
3325,1022.43
3326,765.235
3327,715.493
3328,358.352
3329,369.774
3330,921.783
3331,93.5936
3332,526.405
3333,896.391
3334,1074.47
3335,137.765
3336,1087.15
3337,739.069
3338,430.781
3339,436.379
3340,524.122
3341,210.323
3342,381.152
3343,1305.75
3344,114.69
3345,317.632
3346,873.837
3347,467.878
3348,432.824
3349,965.311
3350,575.003
3351,868.013
3352,263.199
3353,1108.13
3354,403.663
3355,319.788
3356,629.545
3357,532.173
3358,422.803
3359,1019.29
3360,652.087
3361,1211.41
3362,643.925
3363,626.206
3364,163.542
3365,529.602
3366,397.83
3367,105.094
3368,453.022
3369,325.083
3370,943.916
3371,246.781
3372,181.79
3373,347.623
3374,299.942
3375,395.923
3376,486.07
3377,326.117
3378,883.728
3379,437.84
3380,320.598
3381,-426.927
3382,244.243
3383,287.162
3384,609.712
3385,576.981
3386,-523.491
3387,435.527
3388,391.708
3389,1079.4
3390,384.93
3391,534.658
3392,502.692
3393,178.831
3394,325.097
3395,1155.86
3396,-84.1226
3397,622.055
3398,412.592
3399,357.112
3400,455.758
3401,530.077
3402,487.69
3403,892.477
3404,137.629
3405,194.99
3406,-81.3935
3407,291.435
3408,1188.09
3409,304.317
3410,250.916
3411,95.9418
3412,527.136
3413,321.746
3414,1020.22
3415,1078.79
3416,432.594
3417,807.486
3418,358.487
3419,303.697
3420,379.089
3421,1086.96
3422,320.08
3423,1105.56
3424,352.887
3425,951.968
3426,60.3624
3427,347.584
3428,163.971
3429,-509.352
3430,236.023
3431,427.151
3432,508.814
3433,436.045
3434,289.132
3435,-456.895
3436,14.0385
3437,-35.6953
3438,805.654
3439,646.089
3440,304.295
3441,399.905
3442,554.041
3443,349.132
3444,191.478
3445,-487.451
3446,439.125
3447,347.534
3448,574.03
3449,496.606
3450,-207.754
3451,338.109
3452,398.303
3453,330.626
3454,921.294
3455,199.86
3456,746.001
3457,691.74
3458,160.537
3459,334.13
3460,438.338
3461,411.686
3462,216.927
3463,953.175
3464,966.435
3465,1160.75
3466,-59.8008
3467,109.741
3468,562.847
3469,367.879
3470,1194.54
3471,-54.4753
3472,564.44
3473,1164.51
3474,417.959
3475,462.926
3476,358.796
3477,213.178
3478,411.254
3479,514.137
3480,992.276
3481,906.762
3482,307.932
3483,-567.595
3484,531.694
3485,304.114
3486,384.231
3487,216.397
3488,943.193
3489,-201.315
3490,430.691
3491,659.45
3492,521.662
3493,150.839
3494,-111.993
3495,301.544
3496,795.442
3497,141.185
3498,668.191
3499,477.219
3500,465.427
3501,379.594
3502,599.258
3503,322.85
3504,200.82
3505,606.782
3506,280.024
3507,877.358
3508,37.9214
3509,758.255
3510,321.981
3511,899.65
3512,-512.511
3513,83.8653
3514,446.12
3515,196.898
3516,886.662
3517,172.78
3518,443.268
3519,395.098
3520,288.406
3521,529.854
3522,253.56
3523,308.22
3524,-316.906
3525,1084.69
3526,807.221
3527,46.6549
3528,1067.57
3529,1079.72
3530,974.258
3531,541.972
3532,459.984
3533,399.163
3534,1263.52
3535,906.172
3536,-391.761
3537,142.023
3538,1069.56
3539,7.4534
3540,-224.074
3541,895.031
3542,1202.28
3543,291.118
3544,678.456
3545,108.381
3546,329.057
3547,183.96
3548,523.133
3549,218.557
3550,506.312
3551,226.556
3552,-253.347
3553,202.616
3554,985.53
3555,1068.79
3556,196.483
3557,324.221
3558,898.013
3559,205.166
3560,609.007
3561,-549.534
3562,1027.8
3563,505.616
3564,121.929
3565,458.682
3566,268.417
3567,1163.66
3568,523.062
3569,1076.73
3570,971.875
3571,-229.987
3572,536.583
3573,197.797
3574,512.152
3575,288.117
3576,321.351
3577,-385.333
3578,293.403
3579,432.78
3580,1128.91
3581,633.618
3582,58.3094
3583,286.191
3584,261.697
3585,431.131
3586,163.716
3587,90.0466
3588,641.422
3589,171.464
3590,974.539
3591,385.456
3592,116.112
3593,411.119
3594,431.475
3595,291.807
3596,-419.308
3597,806.596
3598,-430.62
3599,389.821
3600,-250.817
3601,522.45
3602,431.356
3603,788.605
3604,19.8785
3605,1317.91
3606,311.007
3607,898.484
3608,1213.81
3609,355.533
3610,1279.56
3611,1128.43
3612,-112.148
3613,302.193
3614,304.124
3615,996.363
3616,64.5741
3617,412.176
3618,-273.219
3619,761.157
3620,225.832
3621,980.877
3622,552.111
3623,370.456
3624,380.764
3625,104.415
3626,713.75
3627,1115.19
3628,1253.91
3629,469.87
3630,610.306
3631,708.818
3632,-75.688
3633,-1032.13
3634,535.641
3635,163.186
3636,471.792
3637,427.479
3638,1022.44
3639,-78.7823
3640,156.412
3641,959.445
3642,-9.40459
3643,292.945
3644,392.389
3645,911.113
3646,707.501
3647,372.65
3648,580.046
3649,112.729
3650,464.371
3651,233.493
3652,351.234
3653,815.327
3654,982.718
3655,1113.51
3656,318.479
3657,143.189
3658,946.532
3659,107.9
3660,978.19
3661,423.377
3662,169.884
3663,1065.31
3664,117.441
3665,641.463
3666,87.0021
3667,-1007.16
3668,500.835
3669,318.551
3670,412.778
3671,833.965
3672,250.292
3673,416.81
3674,526.041
3675,795.484
3676,60.4469
3677,365.39
3678,1129.94
3679,744.886
3680,675.105
3681,481.193
3682,808.56
3683,297.983
3684,376.88
3685,789.086
3686,-856.305
3687,-185.328
3688,-31.6196
3689,258.341
3690,1192.08
3691,391.162
3692,453.33
3693,-333.296
3694,1087.67
3695,419.812
3696,341.672
3697,814.401
3698,644.939
3699,441.324
3700,-1312.56
3701,396.487
3702,267.938
3703,318.606
3704,363.652
3705,853.223
3706,-187.272
3707,784.751
3708,569.716
3709,675.894
3710,344.69
3711,1189.3
3712,903.781
3713,448.376
3714,359.665
3715,101.688
3716,47.5408
3717,275.307
3718,609.344
3719,443.929
3720,201.385
3721,717.778
3722,279.226
3723,151.762
3724,492.287
3725,537.858
3726,76.4054
3727,565.043
3728,64.065
3729,-46.9461
3730,389.255
3731,404.147
3732,-199.151
3733,995.071
3734,-82.3351
3735,327.274
3736,550.789
3737,861.078
3738,865.021
3739,420.161
3740,993.114
3741,508.565
3742,748.46
3743,504.256
3744,772.446
3745,1082.01
3746,580.035
3747,562.192
3748,469.779
3749,360.394
3750,353.139
3751,262.952
3752,512.631
3753,468.984
3754,884.886
3755,511.26
3756,165.155
3757,333.093
3758,367.848
3759,1066.24
3760,-307.363
3761,254.481
3762,160.679
3763,443.324
3764,1036.56
3765,1064.85
3766,421.301
3767,791.029
3768,821.512
3769,-246.814
3770,412.285
3771,-1448.68
3772,1117.44
3773,329.168
3774,968.253
3775,18.1029
3776,396.822
3777,297.907
3778,963.721
3779,1003.3
3780,-66.773
3781,456.772
3782,904.789
3783,530.188
3784,993.996
3785,612.314
3786,1233.82
3787,1143.56
3788,1257.05
3789,-306.718
3790,497.105
3791,333.096
3792,1170.09
3793,602.238
3794,256.789
3795,845.279
3796,869.316
3797,1158.69
3798,1257.76
3799,128.352
3800,309.54
3801,927.607
3802,546.769
3803,753.393
3804,512.455
3805,-484.16
3806,503.918
3807,667.698
3808,702.009
3809,467.271
3810,349.7
3811,605.303
3812,313.161
3813,101.771
3814,301.065
3815,500.176
3816,884.792
3817,1001.66
3818,415.071
3819,201.186
3820,262.734
3821,608.926
3822,829.887
3823,395.568
3824,523.854
3825,334.503
3826,888.022
3827,132.267
3828,830.088
3829,1018.05
3830,768.196
3831,-100.875
3832,-77.1264
3833,360.165
3834,301.016
3835,371.776
3836,532.789
3837,547.365
3838,324.187
3839,786.913
3840,558.862
3841,169.486
3842,236.846
3843,251.57
3844,1110.89
3845,906.768
3846,-909.99
3847,168.826
3848,612.276
3849,820.715
3850,394.899
3851,-781.774
3852,577.336
3853,-602.58
3854,1108.73
3855,911.197
3856,241.848
3857,527.618
3858,-27.2772
3859,262.88
3860,375.039
3861,1066.83
3862,1034.07
3863,-269.584
3864,301.083
3865,220.191
3866,1084.19
3867,79.4353
3868,340.741
3869,723.686
3870,396.402
3871,221.666
3872,391.982
3873,785.214
3874,385.562
3875,475.731
3876,895.405
3877,-204.381
3878,1026.5
3879,346.917
3880,-447.29
3881,388.195
3882,717.028
3883,885.096
3884,433.806
3885,318.14
3886,1011.07
3887,555.234
3888,-13.6117
3889,475.804
3890,916.435
3891,268.795
3892,239.525
3893,164.503
3894,712.94
3895,460.684
3896,434.465
3897,311.858
3898,556.64
3899,537.785
3900,351.327
3901,819.344
3902,212.817
3903,802.608
3904,-677.929
3905,703.703
3906,1151.34
3907,384.839
3908,972.656
3909,591.755
3910,735.597
3911,871.983
3912,1283.67
3913,540.389
3914,339.924
3915,1016.34
3916,441.364
3917,424.309
3918,420.328
3919,361.22
3920,238.748
3921,174.798
3922,954.289
3923,585.006
3924,839.341
3925,535.165
3926,84.3935
3927,1109.52
3928,351.371
3929,1106.9
3930,240.921
3931,335.926
3932,-81.5268
3933,170.649
3934,385.027
3935,270.117
3936,504.67
3937,-371.841
3938,-51.2733
3939,987.425
3940,-8.14996
3941,943.63
3942,948.497
3943,198.89
3944,932.919
3945,49.3281
3946,516.56
3947,239.794
3948,904.557
3949,525.852
3950,-288.821
3951,369.788
3952,225.843
3953,293.183
3954,145.533
3955,702.965
3956,443.761
3957,128.063
3958,267.967
3959,461.583
3960,455.586
3961,405.03
3962,963.786
3963,969.688
3964,327.748
3965,781.274
3966,700.445
3967,-6.19958
3968,286.951
3969,583.81
3970,1016.26
3971,320.638
3972,343.572
3973,422.929
3974,1132.98
3975,356.951
3976,352.197
3977,1153.72
3978,1287.02
3979,1073.29
3980,956.624
3981,691.836
3982,705.078
3983,474.095
3984,1034.32
3985,245.906
3986,520.841
3987,1103.06
3988,1175.53
3989,659.034
3990,569.047
3991,443.962
3992,423.177
3993,137.5
3994,836.573
3995,1176.51
3996,480.906
3997,1197.06
3998,300.608
3999,1042.37
